{
    "柱钢筋合计长度(m)": {
        "25": 2956.28,
        "8": 6725.897,
        "10": 1839.264
    },
    "梁钢筋合计长度(m)": {
        "25": 1923.478,
        "22": 1909.609,
        "20": 1427.233,
        "12": 2815.732,
        "6": 1479.014,
        "箍筋10": 2149.466,
        "箍筋8": 10316.236,
        "18": 956.323,
        "16": 1193.214,
        "箍筋12": 490.054
    },
    "板钢筋合计长度(m)": {
        "8": 15062.257
    },
    "基础钢筋合计长度(m)": {
        "25": 245.412,
        "20": 224.544,
        "14": 35.782,
        "12": 4.588,
        "8": 2751.739,
        "6": 8997.8
    },
    "其他手算部分合计长度(m)": {
        "32": 710.16,
        "28": 541.9,
        "25": 174.362,
        "22": 135.836,
        "18": 97.208,
        "16": 133.516,
        "14": 981.088,
        "12": 2504.793,
        "箍筋12": 332.674,
        "箍筋10": 834.084,
        "8": 2010.305,
        "箍筋8": 1672.862
    },
    "全部钢筋合计长度(m)": {
        "25": 5299.532,
        "8": 28116.705,
        "10": 1839.264,
        "22": 2045.445,
        "20": 1651.777,
        "12": 5325.113,
        "6": 10476.813999999998,
        "箍筋10": 2983.5499999999997,
        "箍筋8": 11989.098000000002,
        "18": 1053.531,
        "16": 1326.73,
        "箍筋12": 822.728,
        "14": 1016.87,
        "32": 710.16,
        "28": 541.9
    },
    "柱钢筋合计质量(t)": {
        "25": 11.382,
        "8": 2.657,
        "10": 1.135
    },
    "梁钢筋合计质量(t)": {
        "25": 7.405,
        "22": 5.691,
        "20": 3.525,
        "12": 2.5,
        "6": 0.328,
        "箍筋10": 1.326,
        "箍筋8": 4.075,
        "18": 1.913,
        "16": 1.885,
        "箍筋12": 0.435
    },
    "板钢筋合计质量(t)": {
        "8": 6.568
    },
    "基础钢筋合计质量(t)": {
        "32": 4.481,
        "28": 2.617,
        "25": 0.671,
        "22": 0.405,
        "18": 0.194,
        "16": 0.211,
        "14": 1.187,
        "12": 2.224,
        "箍筋12": 0.295,
        "箍筋10": 0.515,
        "8": 0.794,
        "箍筋8": 0.661
    },
    "其他手算部分合计质量(t)": {
        "25": 0.945,
        "20": 0.555,
        "14": 0.043,
        "12": 0.004,
        "8": 1.087,
        "6": 1.998
    },
    "全部钢筋合计质量(t)": {
        "25": 20.403,
        "8": 11.106,
        "10": 1.135,
        "22": 6.095,
        "20": 4.08,
        "12": 4.729,
        "6": 2.326,
        "箍筋10": 1.841,
        "箍筋8": 4.736,
        "18": 2.107,
        "16": 2.096,
        "箍筋12": 0.731,
        "14": 1.23,
        "32": 4.481,
        "28": 2.617
    },
    "细节(m)": {
        "柱": {
            "structures": {
                "25": 2956.28,
                "8": 6725.897,
                "10": 1839.264
            }
        },
        "板": {
            "1F": {
                "8": 8292.403
            },
            "2F": {
                "8": 8336.361
            }
        },
        "梁": {
            "1F KL2": {
                "25": 80.933,
                "22": 96.61,
                "20": 6.97,
                "12": 31.44,
                "6": 36.237,
                "箍筋10": 76.986,
                "箍筋8": 316.17
            },
            "1F L6": {
                "18": 13.7,
                "25": 19.965,
                "12": 24.44,
                "6": 12.804,
                "箍筋8": 55.944
            },
            "1F L10": {
                "18": 13.7,
                "25": 19.965,
                "箍筋8": 46.354
            },
            "1F L11": {
                "22": 102.008,
                "18": 21.396,
                "箍筋8": 259.68
            },
            "1F L7": {
                "18": 13.7,
                "22": 25.112,
                "箍筋8": 46.354
            },
            "1F KL3": {
                "25": 127.333,
                "22": 5.37,
                "20": 6.97,
                "12": 31.44,
                "6": 32.437,
                "箍筋10": 236.892
            },
            "1F KL8": {
                "25": 70.64,
                "12": 113.152,
                "22": 110.26,
                "20": 8.02,
                "18": 7.832,
                "6": 60.606,
                "箍筋8": 248.179,
                "箍筋10": 99.252
            },
            "1F KL4": {
                "22": 81.513,
                "18": 4.225,
                "20": 96.115,
                "25": 14.46,
                "12": 31.44,
                "6": 32.437,
                "箍筋10": 225.864
            },
            "1F L1": {
                "16": 75.584,
                "箍筋8": 87.859
            },
            "1F KL5": {
                "25": 55.757,
                "12": 57.152,
                "22": 43.104,
                "20": 9.02,
                "6": 28.169,
                "箍筋8": 155.654
            },
            "1F L2": {
                "16": 40.166,
                "箍筋8": 43.93
            },
            "1F KL6": {
                "25": 63.253,
                "12": 113.152,
                "22": 63.869,
                "18": 15.832,
                "20": 31.92,
                "16": 15.368,
                "6": 56.338,
                "箍筋8": 330.906
            },
            "1F KL7": {
                "25": 126.633,
                "12": 113.552,
                "22": 53.399,
                "20": 15.99,
                "18": 15.564,
                "6": 54.63,
                "箍筋8": 387.235
            },
            "1F L3": {
                "18": 14.0,
                "25": 20.415,
                "箍筋8": 57.542
            },
            "1F L4": {
                "18": 13.7,
                "12": 24.44,
                "25": 19.965,
                "6": 12.804,
                "箍筋8": 55.944
            },
            "1F L8": {
                "18": 14.0,
                "25": 20.415,
                "箍筋8": 57.542
            },
            "1F L12": {
                "25": 58.42,
                "22": 58.224,
                "20": 28.92,
                "18": 14.464,
                "12": 61.104,
                "6": 29.022,
                "箍筋8": 312.506
            },
            "1F L13": {
                "20": 29.92,
                "22": 14.656,
                "16": 14.168,
                "箍筋8": 129.84
            },
            "1F L9": {
                "18": 14.0,
                "25": 20.415,
                "箍筋8": 57.542
            },
            "1F KL1": {
                "25": 78.55,
                "20": 15.06,
                "12": 57.152,
                "22": 10.798,
                "6": 33.29,
                "箍筋8": 182.63
            },
            "1F L5": {
                "18": 14.0,
                "25": 20.415,
                "箍筋8": 57.542
            },
            "2F KL2": {
                "25": 146.36,
                "12": 110.88,
                "22": 200.973,
                "20": 13.94,
                "6": 88.774,
                "箍筋10": 150.716,
                "箍筋12": 326.702
            },
            "2F L6": {
                "18": 13.7,
                "12": 56.24,
                "25": 19.965,
                "6": 12.804,
                "箍筋8": 55.944
            },
            "2F L10": {
                "25": 107.963,
                "22": 38.445,
                "20": 43.48,
                "12": 91.856,
                "6": 43.534,
                "箍筋8": 343.077
            },
            "2F L11": {
                "18": 48.897,
                "22": 14.656,
                "箍筋8": 129.84
            },
            "2F L7": {
                "18": 13.7,
                "12": 56.24,
                "25": 19.965,
                "6": 12.804,
                "箍筋8": 46.354
            },
            "2F KL3": {
                "25": 100.82,
                "12": 55.44,
                "22": 23.395,
                "20": 6.97,
                "6": 44.387,
                "箍筋10": 225.426
            },
            "2F KL4": {
                "22": 90.736,
                "12": 113.152,
                "18": 41.065,
                "20": 36.753,
                "16": 15.368,
                "6": 56.338,